{
  "Single-PPO": {
    "total_reward": 11.126217945004601,
    "observation_success_rate": 0.6651785714285714,
    "dynamic_completion_rate": 1.0,
    "routine_completion_rate": 0.606060606060606,
    "observation_success_rate_raw": 0.125,
    "dynamic_completion_rate_raw": 0.06666666666666667,
    "routine_completion_rate_raw": 0.16,
    "feasible_ratio": 0.1875,
    "dynamic_feasible_ratio": 0.06666666666666667,
    "avg_off_nadir_deg": 16.95130682014877,
    "avg_dynamic_response_s": 19368.527344087976,
    "dynamic_reward": 2.222442503390983,
    "routine_reward": 8.903775441613618,
    "n_scheduled": 10.0,
    "n_duplicates": 0.0
  },
  "Indep-PPO": {
    "total_reward": 44.6259073110007,
    "observation_success_rate": 0.98,
    "dynamic_completion_rate": 1.0,
    "routine_completion_rate": 0.9761904761904762,
    "observation_success_rate_raw": 0.35,
    "dynamic_completion_rate_raw": 0.11666666666666667,
    "routine_completion_rate_raw": 0.49,
    "feasible_ratio": 0.35625,
    "dynamic_feasible_ratio": 0.11666666666666667,
    "n_duplicates": 13.5,
    "duplicate_rate": 0.32380952380952377,
    "load_balance_cv": 0.20838979433413407,
    "avg_off_nadir_deg": 14.712826860681583,
    "avg_dynamic_response_s": 19009.44681078732,
    "n_scheduled": 28.0,
    "coordination_gain": 0.9333333333333333
  },
  "MAPPO": {
    "total_reward": 29.54859987814682,
    "observation_success_rate": 0.98,
    "dynamic_completion_rate": 1.0,
    "routine_completion_rate": 0.9761904761904762,
    "observation_success_rate_raw": 0.35,
    "dynamic_completion_rate_raw": 0.11666666666666667,
    "routine_completion_rate_raw": 0.49,
    "feasible_ratio": 0.35625,
    "dynamic_feasible_ratio": 0.11666666666666667,
    "n_duplicates": 0.0,
    "duplicate_rate": 0.0,
    "load_balance_cv": 0.1468517443166613,
    "avg_off_nadir_deg": 13.88224141537486,
    "avg_dynamic_response_s": 16341.088875922735,
    "n_scheduled": 28.0,
    "coordination_gain": 0.9333333333333333
  }
}