iter,global_step,meta_loss,avg_reward,avg_dynamic_rate
0,2048,-13.148071,4.0873,0.05
1,4096,-6.80452,2.7992,0.0167
2,6144,-8.279175,3.0856,0.0667
