iter,global_step,meta_loss,avg_reward,avg_dynamic_rate
0,1024,-4.646179,2.6965,0.75
1,2048,-10.799561,3.4755,0.0
2,3072,-4.143982,3.1836,0.0
3,4096,11.522705,3.4683,0.5
